{"cameraMode":{"drawMode":0,"name":"Shaded","section":"Shading Mode"},"sceneLighting":false,"audioPlay":false,"sceneViewState":{"showFog":true,"showMaterialUpdate":false,"showSkybox":true,"showFlares":true,"showImageEffects":true,"showParticleSystems":true},"in2DMode":false,"pivot":{"x":6.306463241577148,"y":3.0630943775177,"z":2.182122230529785},"rotation":{"x":-0.2255619466304779,"y":-0.06364840269088745,"z":0.014767630957067013,"w":-0.9721084237098694},"size":5.529783725738525,"orthographic":true}