{"cameraMode":{"drawMode":0,"name":"Shaded","section":"Shading Mode"},"sceneLighting":true,"audioPlay":false,"sceneViewState":{"showFog":true,"showMaterialUpdate":false,"showSkybox":true,"showFlares":true,"showImageEffects":true,"showParticleSystems":true},"in2DMode":false,"pivot":{"x":-0.26046445965766909,"y":0.9253931045532227,"z":4.0445404052734379},"rotation":{"x":0.26023954153060915,"y":0.07088965177536011,"z":-0.01916213147342205,"w":0.9627475142478943},"size":1.659335970878601,"orthographic":true}