{"cameraMode":{"drawMode":0,"name":"Shaded","section":"Shading Mode"},"sceneLighting":false,"audioPlay":false,"sceneViewState":{"showFog":true,"showMaterialUpdate":false,"showSkybox":true,"showFlares":true,"showImageEffects":true,"showParticleSystems":true},"in2DMode":false,"pivot":{"x":0.12179593741893769,"y":1.0983901023864747,"z":3.9147567749023439},"rotation":{"x":0.05402243509888649,"y":-0.3879550099372864,"z":0.022380193695425988,"w":0.919980525970459},"size":6.437096118927002,"orthographic":true}