{"cameraMode":{"drawMode":0,"name":"Shaded","section":"Shading Mode"},"sceneLighting":false,"audioPlay":false,"sceneViewState":{"showFog":true,"showMaterialUpdate":false,"showSkybox":true,"showFlares":true,"showImageEffects":true,"showParticleSystems":true},"in2DMode":false,"pivot":{"x":0.4349367618560791,"y":0.7237405776977539,"z":3.2253599166870119},"rotation":{"x":0.2745351195335388,"y":-0.2476024180650711,"z":0.07301479578018189,"w":0.9264492988586426},"size":5.721673965454102,"orthographic":true}