{"cameraMode":{"drawMode":0,"name":"Shaded","section":"Shading Mode"},"sceneLighting":false,"audioPlay":false,"sceneViewState":{"showFog":true,"showMaterialUpdate":false,"showSkybox":true,"showFlares":true,"showImageEffects":true,"showParticleSystems":true},"in2DMode":false,"pivot":{"x":0.12179593741893769,"y":1.0983901023864747,"z":3.9147567749023439},"rotation":{"x":0.12926265597343446,"y":-0.6700764894485474,"z":0.11959269642829895,"w":0.7212904095649719},"size":3.0189895629882814,"orthographic":true}