{"cameraMode":{"drawMode":0,"name":"Shaded","section":"Shading Mode"},"sceneLighting":false,"audioPlay":false,"sceneViewState":{"showFog":true,"showMaterialUpdate":false,"showSkybox":true,"showFlares":true,"showImageEffects":true,"showParticleSystems":true},"in2DMode":false,"pivot":{"x":-0.02199999988079071,"y":0.7400000095367432,"z":4.379000186920166},"rotation":{"x":-0.11234423518180847,"y":0.34337183833122256,"z":-0.041375137865543368,"w":-0.9316255450248718},"size":4.273943901062012,"orthographic":true}