{"cameraMode":{"drawMode":0,"name":"Shaded","section":"Shading Mode"},"sceneLighting":true,"audioPlay":false,"sceneViewState":{"showFog":true,"showMaterialUpdate":false,"showSkybox":true,"showFlares":true,"showImageEffects":true,"showParticleSystems":true},"in2DMode":false,"pivot":{"x":0.048834145069122317,"y":0.07680771499872208,"z":2.7987377643585207},"rotation":{"x":0.3000551164150238,"y":-0.4138081669807434,"z":0.14661253988742829,"w":0.8468976020812988},"size":1.623982548713684,"orthographic":true}