{"cameraMode":{"drawMode":0,"name":"Shaded","section":"Shading Mode"},"sceneLighting":false,"audioPlay":false,"sceneViewState":{"showFog":true,"showMaterialUpdate":false,"showSkybox":true,"showFlares":true,"showImageEffects":true,"showParticleSystems":true},"in2DMode":false,"pivot":{"x":-0.8847613334655762,"y":1.0435137748718262,"z":-1.339104175567627},"rotation":{"x":-0.21053557097911836,"y":0.2141495645046234,"z":-0.04735247418284416,"w":-0.9526969194412231},"size":2.2247488498687746,"orthographic":true}