{"cameraMode":{"drawMode":0,"name":"Shaded","section":"Shading Mode"},"sceneLighting":false,"audioPlay":false,"sceneViewState":{"showFog":true,"showMaterialUpdate":false,"showSkybox":true,"showFlares":true,"showImageEffects":true,"showParticleSystems":true},"in2DMode":false,"pivot":{"x":-0.31245946884155276,"y":1.6431365013122559,"z":-2.359999179840088},"rotation":{"x":-0.16326279938220979,"y":0.27763989567756655,"z":-0.04800448194146156,"w":-0.9455372095108032},"size":3.5675718784332277,"orthographic":true}