{"cameraMode":{"drawMode":0,"name":"Shaded","section":"Shading Mode"},"sceneLighting":false,"audioPlay":false,"sceneViewState":{"showFog":true,"showMaterialUpdate":false,"showSkybox":true,"showFlares":true,"showImageEffects":true,"showParticleSystems":true},"in2DMode":false,"pivot":{"x":1.7899012565612794,"y":-1.3309004306793213,"z":4.676457405090332},"rotation":{"x":2.9469984497154658e-7,"y":0.12033455818891525,"z":0.000005269307166599901,"w":-0.9927990436553955},"size":6.827914714813232,"orthographic":true}