{"cameraMode":{"drawMode":0,"name":"Shaded","section":"Shading Mode"},"sceneLighting":true,"audioPlay":false,"sceneViewState":{"showFog":true,"showMaterialUpdate":false,"showSkybox":true,"showFlares":true,"showImageEffects":true,"showParticleSystems":true},"in2DMode":false,"pivot":{"x":-4.531805038452148,"y":-4.02598762512207,"z":20.926883697509767},"rotation":{"x":0.21578308939933778,"y":0.007910482585430146,"z":-0.0017477255314588547,"w":0.9764120578765869},"size":13.099440574645996,"orthographic":false}