{"cameraMode":{"drawMode":0,"name":"Shaded","section":"Shading Mode"},"sceneLighting":true,"audioPlay":false,"sceneViewState":{"showFog":true,"showMaterialUpdate":false,"showSkybox":true,"showFlares":true,"showImageEffects":true,"showParticleSystems":true},"in2DMode":false,"pivot":{"x":2.3679447174072267,"y":2.111189842224121,"z":-1.526320457458496},"rotation":{"x":-0.007870941422879696,"y":0.6618236303329468,"z":0.006949420087039471,"w":0.749588131904602},"size":0.37839657068252566,"orthographic":true}